<?xml version="1.0" encoding="UTF-8"?>
<project-private xmlns="http://www.netbeans.org/ns/project-private/1">
    <editor-bookmarks xmlns="http://www.netbeans.org/ns/editor-bookmarks/2" lastBookmarkId="0"/>
    <open-files xmlns="http://www.netbeans.org/ns/projectui-open-files/2">
        <group>
            <file>file:/E:/FX%20Arcade%20Files/FXArcade/Rock%20'Em%20Ripoff%20Files/RockEmRipoff/src/rockemripoff/RockEmRipoff.java</file>
            <file>file:/E:/FX%20Arcade%20Files/FXArcade/Rock%20'Em%20Ripoff%20Files/RockEmRipoff/src/rockemripoff/RERTitleScreen.java</file>
            <file>file:/E:/FX%20Arcade%20Files/FXArcade/Rock%20'Em%20Ripoff%20Files/RockEmRipoff/src/rockemripoff/Gameplay.java</file>
        </group>
    </open-files>
</project-private>
