<?xml version="1.0" encoding="UTF-8"?>
<project-private xmlns="http://www.netbeans.org/ns/project-private/1">
    <editor-bookmarks xmlns="http://www.netbeans.org/ns/editor-bookmarks/2" lastBookmarkId="0"/>
    <open-files xmlns="http://www.netbeans.org/ns/projectui-open-files/2">
        <group>
            <file>file:/E:/E-Lemon-Nators/Full%20Game/src/full/game/ErrorScreen.java</file>
            <file>file:/E:/E-Lemon-Nators/Full%20Game/src/full/game/TitleScreen.java</file>
            <file>file:/E:/E-Lemon-Nators/Full%20Game/src/full/game/Gameplay.java</file>
            <file>file:/E:/E-Lemon-Nators/Full%20Game/src/full/game/FullGame.java</file>
        </group>
    </open-files>
</project-private>
