<?xml version="1.0" encoding="UTF-8"?>
<project-private xmlns="http://www.netbeans.org/ns/project-private/1">
    <editor-bookmarks xmlns="http://www.netbeans.org/ns/editor-bookmarks/2" lastBookmarkId="0"/>
    <open-files xmlns="http://www.netbeans.org/ns/projectui-open-files/2">
        <group>
            <file>file:/E:/FX%20Arcade%20Files/FXArcade/Run%20For%20It%20Files/RunForIt/src/runforit/RFITitleScreen.java</file>
            <file>file:/E:/FX%20Arcade%20Files/FXArcade/Run%20For%20It%20Files/RunForIt/src/runforit/Gameplay.java</file>
            <file>file:/E:/FX%20Arcade%20Files/FXArcade/Run%20For%20It%20Files/RunForIt/src/runforit/RunForIt.java</file>
            <file>file:/E:/FX%20Arcade%20Files/FXArcade/Run%20For%20It%20Files/RunForIt/src/runforit/GameOverScreen.java</file>
        </group>
    </open-files>
</project-private>
